CardName,NumIssued
RAREPEPE,300
GOXPEPE,1500
SHITCOINCARD,3000
PEPENATION,10000
DANKPEPE,420
TRUMPRARE,400
PEPEPARTY,1000
KEISERPEPE,999
BUPEPE,1000
STILLPEPE,500
PEPECASH,1000000000
LOVEPEPETATO,100
PEPEJOINTSPH,50000
GURUPEPE,999
HYIPPEPE,5000
PEPETRATION,1000
DARKPILLPEPE,29
HAIRPEPE,1000
LUCKYPEPE,10000
CHERPEPEFOIL,50
PEPEBROS,500
DAOPEPEHACK,666
PEPEBONGSPHP,10000
PEPEONECOIN,856290000
PEPEVIAGRA,64
PEPEGUN,100
PEPEBOY,1000
DASHPEPE,11
TLCPEPE,1000
BANEPEPE,1000
HARDPEPEFORK,300
ONLYONEPEPE,1
PEPEKACHU,125
LORDKEK,10
XOBLORTPEPE,300
MAGICPEPEYE,300
UFOPEPE,800
PEPELLUM,98
PEPEBEEFTAXI,100
PONZIPEPE,99999
JONGPEPE,3
IMWITHPEPE,500
DEBATEPEPE,10000
TROUTPEPE,100
HERNIAPEPE,115
PEPEMINING,150
TOPCUCK,10000
PEPEPOPE,25
NOFAPPEPE,1000
FORTYTWOPEPE,42
GRIMPEPE,8
ZEROWINGPEPE,50
ZETAPEPE,256
MORPHEUSPEPE,43
HEISENPEPE,999
RAREMRROBOT,512
LEOPEPESCAM,717
TRIPPYPEPE,125
PEPEBREEDER,30
WEAREALLPEPE,100
PEPEROSS,50
BARRYPEPE,21
PEPELIBRARY,300
OPPPEPE,300
PEPECRYSTAL,100
PEPEGATES,500
HARAMPEPE,333
BIGVERNPEPE,250
RARECHAVEZ,200
ILLUMINATIPE,10
HILLARYPEPE,400
SONICPEPE,99
LIAMPEPE,150
BINARYPEPE,10
TIMETRAVELPP,10
THOTHPEPE,300
PEPECASTRO,46
THEARCHIPEPE,100
BANANAPEPE,50000
EGGPLANTPEPE,999
PHEONIXPEPE,100
HOMERPEPE,1
SEAMANPEPE,666
WINKELPEPE,2
DEXTERPEPE,50
CLUBPEPE,5
PEPELEPEW,50
RICKANDPEPE,10
ETHERPEPE,256
SELLOUTPEPE,10
JUNSETHPEPE,150
RARECOINMEME,30
GADSDENPEPE,500
PEPEPIZZA,1
BACHELORPEPE,25
PEPEPOWERONE,25
PEPEPOWERTWO,25
SPACEDADDY,2024
EYEOFTHEPEPE,20
HORRORPEPE,20
PEPEGOAT,99
JESUSPEPE,10
SCARFACEPEPE,1983
BOMINABLPEPE,20
PEPECONDOM,30000
BAPEPE,15
PEPECOUNTER,50
DABPEPE,2000
PEPEMILLION,5
TECHNOPEPE,13
SMUGGLASSES,25
PTSDPEPE,100
TSUPEPE,20
EINSTEINPEPE,50
PUTINPEPE,9
DOGGYPUTIN,9
NOFUCKSPUTIN,9
FSBPUTINPEPE,9
TENPINPUTIN,9
REDPUTINPEPE,1
MYLITTLEPEPE,1
MARVINPEPE,42
PEPEBUGGED,1
ZZTOPEPE,5
PEPENOPOULOS,1
REPOPEPE,100
SANDWICHPEPE,12
RICFLAIRPEPE,3
TUXPEPE,50
PEPEALASSAD,3
PEPEKONGBIGM,100
CIRCLEOFPEPE,100
JALAPEPE,100
PEPEPHONEHOM,100
PRIVATEPEPE,100
INCREDIEPEPE,100
RAIRPEPE,300
DRATHPEPE,100
SALTANDPEPE,100
WHISKEYPEPE,10000
CHYNAPEPE,130
PEPERMIND,100
RGBPEPE,1000
JACKPOTPEPE,777
MOONPEPE,113
RPEPEARMANDO,100
RAREPEPESS,250
NEONPEPE,100
WILDPEPE,1300
FOLDERPEPE,600
ZIKAPEPE,111
MARINEPEINE,333
NICOSARKOS,333
SALTYTADPEPE,133
SADMILKPEPE,133
PEPEINSHADES,151
RAREPEPESHOW,177
WOLONGPEPE,100
PEPEOFTHEUSA,2016
JWPEPE,144000
PEPEDARK,100
BLOCKPEPE,365
RPJAILEXIT,1234
LEANPEPE,3
UNLUCKYPEPE,13
HOTLINEPEPE,2000
WANKSYPEPE,1000
KILLARYPEPE,130
VERIFIEDPEPE,1000
MONALISAPEPE,100
PEPEBURGUNDY,100
GADGETPEPE,100
RPSILLYWALK,1000
PEPEDANCE,111
PEPESUS,184
NASPEPE,2000
HYPNOPEPE,100
THEMONAPEPE,100
DJPEPE,169
MCPEPE,169
PEPEONE,169
BBOYPEPE,169
RPEPEGOLDENR,314
RAREPEPEDAO,1000
PEPEVIDEORO,114
UPINSMKPEPE,4200
MOBBPEPE,500
RPEPELIGHTER,1000000000
EMPERORPEPE,100
MISSTURNPEPE,100
PRINCESSPEPE,100
PEPEFETT,100
HANPEPE,100
RERERPERP,111
BEETLEPEPE,100
SOGGYPEPE,10000
SLVPEPE,1738
GLDPEPE,1250
PEPEPUFF,600
STRIPERPEPE,300
GODEMPEPE,100
SPESSMUHPEPE,10000
GUARDSPEPE,1000000000
PEPECHE,105
PEPEHEXCHANT,7500000000
PEPEDUCREUX,1000
BIGGIEPEPE,1997
FSMPEPE,10000
KOJIPEPE,100
TOREROPEPE,22000000
CHEECHPEPE,100
CHONGPEPE,100
GUMMYPEPE,1000000
PEPESHROOMS,10000
RAREPEPEFONZ,1000
PEPEPEANUTS,100
UNCLEPEPE,500
PEPEANON,1337
SARUTOBIPEPE,5000
BITCOINPEPE,100
PEPEMINT,750
CALLHOTPEPE,500
CONFUSEDPEPE,1000
GRNDMSTRPEPE,100
SLENDERPEPE,100
BURNINGPEPE,911
PEPESSOU,1300
PEPESMURF,100
LITTLEBOPEPE,600
HELOPEPE,100
SEVENBITPEPE,128
SENPAIPEPE,1000
MAKEPEPERARE,100000
RUNDMP,111
MONBOURARNO,333
PEPETHESOG,111
PEPEGIGA,305
PEPEONMUSK,225000000
SNOTPEPE,999
PEPEKEN,100
CNTRFLDPEPE,300
PEPEZOMBIE,152
CANNEDPEPE,150
FRYPEPE,500
DANPEPERIAN,100
PEPEGOLDRUSH,10000
PEPETRAIN,13000
FAIRPEPE,2000
TRAITORPEPE,2000
FATHERPEPE,200
SUCHSHARE,1000
LISKPPAPPEPE,100
RETROPEPE,542
BEACHPEPE,244
PEPETRADER,100
WANTEDPEPE,100
QUEPASAPEPE,1000
BLOWPEPE,499
PEPEASSANGE,100
REYPEPE,100
PEPEMONTOYA,100
ROLLINGPEPE,100
ZOMBIEPEPES,4010000000
THEANCAPEPE,128
PEPETACO,197
DAPPERPEPE,100
FRACTALPEPE,100
SLIMERPEPE,250
PEPEPARADO,6000000
PEPEME,1000
PEPETARD,333
THEGODPEPE,100
PEPESQRPANTS,100
RPEPEGOJAIL,1000
THINPEPE,500
PEPELEWINSKY,900
PEPESSANGE,100
PEPETRADERS,11111
PEPEJOHNS,1223112
PEPEJOSE,100
PEEKABOOPEPE,109
FIREASSPEPE,100
JACKOPEPE,100
PEPEBURNED,666
PEPEBURN,500
PEPEJAPAN,100
THISISFINE,100
DATAPEPE,100
NIGHTSATPEPE,100
PEPENORRIS,200
PEPECOWBELL,300
LONGNOSEPEPE,199
PEPEGOTCHI,10000
INNOCOINBOT,10000
PEPEZ,1927
RAREPEPENEWS,20000000
PEPEGREEN,300
BURNPEPE,100
QUEGUAYPEPE,1000
PEPEMARLEY,242
PEPEADDICT,1800
PEPEARTISTE,300
SECURITYPEPE,100
CULTOFPEPE,100000000
PEPEKMONGO,3124223
PEPECAMO,250
PEPERACCOON,200
PEPEFREEZE,5128
PEPEMOON,10222
PEPEDATA,750
WHERESPEPE,100
BREATHEDPEPE,250
ULTRAPEPE,101
NEOPEPE,101
PEPERARE,100
WPPEPE,1337
PEPETHUGLIFE,265
PARTYPEPE,950
PEPETHEFIRST,100
ZOOKOPEPE,800
PEPEHORROR,100
PEPEVOORHEES,100
COMEDYPEPE,100
SIXTYSIXPEPE,299
MAOPEPE,888
PEPEMANE,150
PEPECENT,100
PEPETHETROLL,777
PEPEGRAVE,666
PEPETODAMOON,200
PINHEADPEPE,10000
GAINSPEPE,100
PEPETUITY,102
NAPKINPEPE,5000
FATPEPE,777
KIDPEPE,31072009
PEPEZCASH,1000105
SHININGPEPE,100
PEPA,100
ILOVEPEPE,300
PEPETIME,112
PEPETREZOR,9999
SGTPEPE,200
SHREMPEPE,10000
HANSEIPEPE,1000
DRILLPEPE,599
ZZZZPEPE,109
MAOISMPEPE,216
BULLYPEPE,666
XMASPEPE,9999
PEPETSHIRT,10000
GOTPEPESHIRT,10000
ECCEPEPE,3000
FUNPEPE,386
RPCAGENT,500
RELAXPEPE,100
PWAPWAPWAPWA,187
MYRIADMPEPE,216
PEPESITO,127
GOSPELPEPE,100
PEPETHEFROG,600
RELATEPEPE,100
BONDPEPE,100
WHEELOFPEPE,234
MONTYPEPE,100
KEKET,100
MATADORPEPE,100
PICASSOPEPE,100
SAMURAIPEPE,200
PEPENUMA,100
XMASANTAPEPE,109
PEPEMARAUDER,192
VANGOUGHPEPE,100
PEPELAND,200
PROUDPEPEWIN,3000
MATISSEPEPE,100
DALIPEPE,100
PEPEJIRAIYA,100
NEWYEARPEPE,777
FRIENDSPEPE,999
MIROPEPE,100
PEPERUS,600
PEPELENNON,200
PEPESTRANGE,100000
BOSSHOGPEPE,10000
SECRETPEPE,109
MASTROPEPE,3000
JOELOONEYBIN,100
CLASSICPEPE,10000
PEPERFUME,1883
PEPERICH,150
PEPEHELP,200
GIVEKUDOS,100000000000
LAUTRECPEPE,100
BERNIEPEPE,1889
TAKARAPEPE,2100
SURFINGPEPE,100
KUNISADAPEPE,100
TRUMPEPE,133
PEPETANGCLAN,360
SNOWDENPEPE,40320
PEPENACCI,1618
STEALPEPE,144
THEPEPE,21000000
PEPETUNADE,100
RUBBERPEPE,101
PEPEPOOR,100
TERRIBLEPEPE,500000
PEPEPSI,100
PPKING,666
MANDELPEPE,150
PEPESPACE,102
PREPEDATOR,444
DDDPEPE,333
SNAPCHATPEPE,1000000000
PEPEOROCHI,100
SANTAPEPE,1225
RPEPERAMI,100
STORYPEPE,111
MURICAPEPE,100
PEPOCALYPSE,666
SCORPEPE,666
PEPEGANDHI,300
PEPEDEX,10000
CUBEPEPE,128
JAKETHEPEPE,100
PEPETRON,1982
JOINTPEPE,21000
BITGIRLPEPE,7777
TIMEPEPE,100
STANDINGPEPE,370000000
MASTEROFPEPE,201
DRONEPEPE,999999
RAREPEPEPRTY,100000
MAPEPENEMR,216
TESTNETPEPE,1000000000
LEPEWPEPE,100
OSKARPEPE,250
RICHPEPEPOOR,100
PEPEMILEY,111
UKIPEPE,100
RAREPEPEPUMP,22000000
MTPEPEMORE,100
HARRYPEPES,100
PPLNMDNTNY,999999
VOLDEPEPE,100
PEPERRR,999
RADIOPEPE,100
PEPEHOUSE,100
CICACOINPEPE,300
PEPEREPUBLIC,100000000000
BOYSCLUBPEPE,100
MAOZEPEPE,108
RUBEUSPEPE,100
LOVEISPEPE,247365
PEPELYN,999999
BLKSWANPEPE,100000
DUMBLEPEPE,100
PROOFOFPEPE,100
PEPECITY,350
PEPEBUCKS,1971
ICQPEPE,1001
SKIINGPEPE,150
WINSTONPEPE,1965
TAJPEPE,150
PEPEBRICK,101
BANKRUPTPEPE,10000
BTCPEPE,100
REVOLUCIONAR,101
PEPEWEST,125
BRIGHTONPEPE,150
TOMANDPEPE,1000000
PEPEALIEN,108
LIKEPEPEBRO,100
PEPEHUNGRY,300
EYETESTPEPE,100000
PEPEDOTCOM,10000
SITHLORDPEPE,105
PEPECONF,300
RPDF,500
WNPEPEPEPEPE,2000000
PEPENUKES,5000
BLAINEPEPE,100
SUPERMANPEPE,111
PHILANTHROPE,999999
PEPEMAXAF,1000
PEPELOU,100
PEEPHOLEPEPE,100
ELEVATORPEPE,51200
CRYPTOPEPE,1099
VONPEPEHAYEK,101
BATMANPEPE,111
JMPEPEKEYNES,275
PEPEASTRO,100
PIGPEPE,300
PEPESOUP,1000
SPIDERMNPEPE,111
THELASTPEPE,300
NYANPEPE,4200
DOCTORPEPE,25000
HULKPEPE,111
JESSICAPEPE,1988
PEPEOUTSIDE,500
PEPEWICKED,6666
PEPEFRONHELL,666
PEPEFATHER,100
VINCEPEPE,111
RARESHADILAY,1986
PEPEMEETUPBK,400
PEPESTARBOY,777
PEPEKART,100
MARSPEPE,1000
PEPELEO,1000
PEPELYNMANSON,169
PEPEMONROE,100
PEPEPONY,1337
POWERTOPEPE,420
BADHAIRDAY,500
NOBRAKESPEPE,444
TODAMOONPEPE,1737
THEPEPELIST,1500
PEPEBILL,103
PEPERIDER,100
WIREDPEPE,199
PEPEENEUMAN,256
FREEMYPEPE,100
PEPEBIRTH,169
PEPETINDER,6969
CSAT,100000
PEPEMARIOLR,100
PEPELAMBO,100
PEPESCIENCE,1000
SOCRATESPEPE,100
KEKUI,200
SPHINXPEPE,4200
PEPESMALLS,1000
PORPEPELAMBO,100000
PEPELEVICH,888
LEGOPEPE,500
LORDSHIVA,110
PEPECAPCHA,444
CHIKUNPEPE,100
PEPETRODOL,1000
DOLLARPEPE,10000
PEPEPRINGLES,99999
RAREIVANKA,500
EXCLUPEPE,101
PEPEXIT,1000
PEPEFIFTYONE,451
DORAETROLL,169
SOUNDOFPEPE,1000
SHEMANPEPE,1983
PEPEISLOVE,143
CROPPEPE,300
DIAVOLO,1000
PACPEPE,8888
EARTHPEPE,10000
PEPEPIRATE,250
KARTANDPEPE,100
RPDUMPSTER,10000
PEPEGOLDBAR,1000
DOSPEPES,222
PEPEGROOT,1337
PEPEGLOBE,550
GOTHICPEPE,300
PEPERGRIFFIN,169
PEPENEWTON,1687
TREEOFPEPE,1000
GOKUPEPE,1000
PYTHONPEPE,420
PEPEYE,1929
PEPECOASTER,1000
MIRACLEPEPE,300
BATBUTBOO,2000
OLYMPICPEPE,2008
IWANTTOPEPE,250
XPEPE,111
PEPEBRANDO,350
PEPEJOBS,100
PEPESCAVHUNT,100
PEPELEFTLEG,55555
PEPETHAGORAS,345
PAPILLON,100
PEPETIP,99999
PEPONG,100
NINJAPEPES,420
USMCPEPE,100
GRAFFITIPEPE,100
SHREKPEPE,100
PEPEDUROV,1984
PEPECCOLO,1000
MONOPEPEOLY,500
PEPEOTHERLEG,55555
COLDPEPE,286
LORDOFMEMES,100
IRONPEPE,169
THISISPEPE,666
DROPPEPE,1000
RAGZTOPEPE,420
PEPEISPEACE,143
PEPEPASSPORT,100000
PEPETEX,1000
LETSTALKKEK,1000
JINQIANSHU,300
SATURDAYPEPE,5000
PLATINUMPEPE,100
PEPEAMD,7950
HANGINPEPE,10000
PEPEKARLMARX,100
NAPALMPEPE,300
PEPEDRAKE,777
MINIONPEPE,10000
PEPEFLATION,100
RAREPEPEMAG,10000
PEPECOLLECT,400
TWEEKPEPE,333
MCPEPESCHER,1898
TEAPEPE,112
IRONMANPEPE,111
CNPEPE,1000
PEPEBREAKUP,150
KEKSBASILISK,144
SALVADORPEPE,103
LORDGLEN,110
PEPEMCLOVIN,10000
PEPEWOKE,150
CRYSTALPEPE,100
SHIALEBPEPE,100
PEPEOLDCHAP,100
PEPUNCONFIRM,555
PEPITCHY,100
PEPEKIM,1000
MEMPOOLPEPE,1000
PEPEGLOVER,200
FINNTHEPEPE,100
DRSTRNGEPEPE,1000
CUBANPEPE,444
PEPEPUNCHOUT,500
WISEPEPE,1000
BUDDHAPEPES,91337
PEPELEMMING,10000
BEWPEPE,900
PEPEHEPBURN,100
MEMETICMAGIC,111
PEPEMACARONI,150
GODDESSHEQET,100
STARLORDKEK,250
MARTYPEPFLY,121
PEPEFLESH,100
PEPEMORPHS,142
JUSTINTPEPE,100
PEPERIGHTARM,55555
PEPESTONED,100
PROBLEMSOLVE,700
PEPERAZZIS,300
SUPAPEPE,555
MFPEPE,111
KEKPEPE,117
FISHERPEPE,1337
DANKVADER,777
RICHPEPE,100000
PEPEHUANA,4200
YOGAPEPE,10000
PEPEVIRAL,123
PEPENAPOLEON,100
PSYCHEPEPE,666
LEVELUPPEPE,1000
DEEZPEPENUTS,100
PEPENORMIES,169
PEPEREQUEST,2000
STATUEOFPEPE,151
NEEDPEPE,100
FLAPPYPEPE,747
NEONFROGS,119
PEPEWAVE,420
PEPEOTHERARM,100
TUBBIES,103
PEPEDAVID,150
HOLYPEPE,777
PEPEIMPOSTOR,100
CHOCOPEPE,1000
PEPEPAWNSHOP,2000
GODDESSISIS,100
FAKERPEPE,100000
PEPEVICH,100
PEPEKEKCOIN,100000
PEPERETRO,1337
GAIUSPEPEUS,222
CARCRASHPEPE,1500
FORBIDENPEPE,150
PEPERAMBO,100
PEPEMOVIE,100
PEPEVINCI,16180
RESERVPEPES,1000
FUTURESPEPE,100
PEPEPYRAMID,333
PEPELOOP,444
CPTMRICAPEPE,111
BOGDAPEPE,100
THEPEPEWHALE,100
PEPEILLUSION,100
GEISHAPEPE,100
GAUDISPEPE,125
KATYPEPE,3333
PEPEFREEDOM,100000
PEPETOWN,1000
PEPENIKOLAI,1500
STAMPOFKEK,777
PEPEPAMPERS,103
FLUFFYPEPES,100
RAREDIETIES,777
NICOLAPEPE,1856
KEYBOARDPEPE,150
PEPERBOY,500
HANNIBALPEPE,1169
PEPEANGRY,5000
GODANUBIS,100
PEPELANDER,250
PEPEJONES,1214
PPPGLOBAL,500
PEPECLUB,134
PLINKOPEPE,500
PEPEBERLUSCA,177
ZOETROPEPE,123
GRANDPEPE,333
PEPEDIEPIE,234
SPCPEPEWOJAK,1961
DOUBLEPEPE,101
PEPETRAZ,800
PEPETRASH,550
PEPEART,333
PEPEGAMBIT,100
PEPEGOLUM,180
PEPEBRICKJR,400
PEPECREAM,333
MOAIPEPE,1000
PEPEANDFEELS,123
GODAMUNRA,100
PEPEWANTSYOU,100
THREEPEPES,91337
KOIPEPE,380
PEPEWATTS,108
MCPEPEDEBUFF,123
LEGENDOFPEPE,333
MYPEPELITTLE,169
PEPEADDAMS,91337
PEPESWITCH,10000
SMUGPEPE,103
RAREKEKUIT,177
THREEDPEPE,300
CLKWRKGREEN,1000
CANTDRAWPEPE,100
SEAPEPE,300
PEPEKIDSART,123
PEPESKELETON,180
PEPERREVENGE,500
GREEDYPEPES,300
ROCKINGPEPE,1000
SOLODADPEPE,274
YOUCANPEPE,2000
PEPEPARADISE,1337
PEPESCHEME,236
KNITTEDPEPE,101
RAREWOLFPEPE,307
PEPEFLECTION,1000
MRPOTATOPEPE,100
PEPEAXEGANG,1921
SERVALPEPE,3333
PERAPPA,1000
PEPEPILLOW,121
DOGEVSPEPE,300
VEGGIEPEPE,300
PEPEGOTSWAG,250
PEPEBASQUIAT,391
PUZZLEPEPE,300
MADMAXPEPE,225
BOFPEPE,100
PEPESHELDON,200
THINKINGPEPE,420
PEPEGODDESS,108
TWOPLYPEPE,193
RARESLIMPEPE,300
WESTERNPEPE,200
MEDICINEPEPE,91337
BEHAPPYPEPE,236
SEXAYEPEPE,1000
SAVEPEPE,1000
TRUMPWALL,1070
PEPENOSAURUS,500
GENIEPEPE,300
PEPESUPREME,111
PEPERECHAUN,777
PEPEMAORI,170
PEPEPOOL,200
GRANDPEPES,200
OWLPEPE,180
ZENAFPEPE,100
ILLIDANPEPE,125
BANDAGEPEPE,135
PISFORPEPE,333
RESURKEKTION,1337
PEPERANGER,100
RARELORDKEK,777
PEPEROYAL,123
TRINITYPEPE,111
GOODNITEPEPE,1500
HICKSPEPE,1994
ROBOTPEPE,276
NMPPEPE,300
MISSPEPE,1000
KAPPAPEPE,108
PEPEDWARD,110
KEKVSMOLOCH,777
PEPERIVETER,100
MEMESTEALER,40000
ULTIMATEPEPE,500
MOONWAVEPEPE,100
PEPESTYLE,420
QBITSPEPE,11111
PEPESPIDER,3000
BENDERPEPE,111
RUNTHEPEPE,101
FULLMETALPEP,297
LEDZEPEPELIN,400
THEEVERYPEPE,500
BBAEPEPE,450
SEGWITPEPE,160
PEPEDHARMA,108
SMUGCHIPS,1000
PEPEFREQ,432
MORNINGPEPE,1500
PEPEKEEPER,333
BADLTPEPE,5000
VENUSPEPE,1000
THEPEPEKISS,103
FRENCHPEPE,222
PEPEGUEVARA,1967
PEPEUNIVERSE,150
FIGHTPEPE,100
HEKET,128
HWNDUPEPE,7777
FRATPEPE,1991
MODERNPEPE,100
GNUPEPE,1500
PEPEHARDTALK,500
PEPEHOFFMAN,101
KEKRELOADED,777
WARRIORPEPE,200
BILLNTEDPEPE,255
BULBAPEPECRD,200
LEIAPEPE,100
STITCHESPEPE,15554
TOWEROFPEPE,1173
LUPEPEN,100
PEPECHAININ,420
PEPEOMUERTE,2016
DRDIRTYPEPE,400
PEPEMINO,200
BOYZIIPEPE,1989
PEPEKYRIE,200
SMITHPEPE,999
CRUSADERPEPE,122
PEPEGAIA,108
PEPEDOTS,1234
SPIRITPEPE,100
PEPEVOLUTION,100
PEPI,3141
PEPEBEARD,500
KEKTOPUS,358
OBEYPEPE,191
ERDOPEPEGAN,414
PEPEDZILLA,200
MERKLETREEPE,333
LIBERPEPE,111
BTFDPEPE,29656
KEKWAVE,8888
PEPETERROR,180
PUREPEPE,100
RARESPURDO,4444
NINEFIVEPEPE,25000
BADASSPEPE,300
PEPEARCHER,6000
HIPPIEPEPE,100
PEPEBACKPACK,29000
YETIPEPE,1921
PEPEJUGGLER,44000
SEGWTPEPE,400
PEPEMEMECARD,45000
MELANCHOLIA,132
PEPEMOMWRATH,2400
PEPEAMCANI,168
PEPENITOR,40000
WITCHBLADE,333
PEPENGHTMUM,6000
PEPEATARI,2600
PEPERAGEQUIT,22000
PEPEACE,110
PEPERSEXUAL,27000
PEPERUSSIAN,101
PEPEMARKET,100
CMNWRKRPEPE,51200
PEPEASTRONAT,2560
PEPEBGDWORK,23000
PEPEBROOM,12000
PEPECAMERA,32000
PEPEDABOMB,12500
PEPEFLORIST,20000
PEPEGOODY,14000
PEPEGOTSICK,16000
PEPEGOTTIME,12000
PEPEISNUBLK,35000
PEPEBUCKET,32000
PEPEGUITAR,900
PEPEMIRROR,22000
PEPERSSNRLTT,1200
PEPESKATES,2500
PEPECAKEFACE,31000
PEPEMPTYWLLT,12000
PEPESYRINGE,5500
PEPEXMASBOY,7000
SHADEPEPE,1500
PEPEAUDIOPHL,5000
PEPEBRARIAN,18000
PEPEBUSYFLOR,8700
PEPECHPLGHTR,89200
PEPEDEALWTHT,2000
PEPEFUDUP,25000
PEPEGAPHONE,12000
PEPEHELTEACH,3400
PEPEISOTTO,2500
PEPEJUDGE,4000
PEPENUT,16000
PEPEORACLE,5500
PEPERATATATT,12500
PEPESCUBA,4500
PEPESPRAY,1500
PEPEZENMSTR,3000
SOLDATPEPE,51200
PEPEFOCUSED,7000
PEPEBRELLA,4500
PIMENTOLOAF,500
MNTNDWRVSMNG,200
TWNOFEVNGLST,350
BTTLFTHESUBS,600
BLKCHNJESUS,500
PEPEBROKEBU,200
PEPEHIGHTOWR,100
VSTRSSLBRTCH,300
PEPEBEARWHLE,250
PEPEASYSQUEZ,450
PEPESHKRELI,222
ERISPEPE,111
KEKISTAN,100000
UNITEDPEPE,69411
PEPEXILE,300
PEPENOFF,100
DOKUGANPEPE,3333
JIHANWU,100
PEPETITAN,10000
PEPEISUNITY,143
MIDIPEPE,128
WOKEPEPE,7777
YAMATOPEPE,777
PEPELAMA,100
JOKERPEPEKEK,777
VAPORMAGIC,300
PEPECANCAN,100
PEPEHODLER,300
NULLCPEPE,2000
DEEPWEBPEPE,500
PEPEZILLA,1954
PEPEKEK,117
THREERARE,333
NEUROPEPE,111
GUESSWHATPEP,199
PEPECONCERT,111
MARIACHIPEPE,1848
PEPEHONDO,100
XONOTICPEPE,4000
THEJOYOFPEPE,1169
PEPERMAID,555
PEPEAUCTIOND,1000
RANDOMPEPE,111
PEPENIETZSCH,100
ONEPUNCHPEPE,1000
GODALIEN,100
THEPEPEZONE,169
PEPEHOTEP,7777
KEKUIT,134
PEPEPUMPETTE,123
STACYPEPE,100
PEPEJOANARC,100
PEPEZIO,1000
CANNONPEPE,121
PEPEDON,300
TRANSMEME,7777
PEPEBALT,600
PEPEFRENCH,300
CHUNRIPEPE,500
PEPETIA,100
ROOMRAREPEPE,100
BOWIEPEP,300
PUMPINGPEPE,100
ICARUSPEPE,3333
PEPETOPKEK,1110
LUKEJRPEPE,500
PEPELSD,100
BOWLPEPE,111
GAMEBOIPEPE,1989
DANNIBOIPEPE,999
COVPEPERARE,100
CULTOFKEK,100
PEPEFRED,100
PUREGOLDPEPE,100
KAMIKAZEPEPE,200
ICPEPE,217
PEPEBALL,10000
KABUKIPEPE,181
GAMEOFPEPE,200
HULAPEPE,808
PEPEHAMMER,1000
MAUIPEPE,808
MELANCOLIE,264
PEPEANDY,500
DUMMIES,900
LIBERTYPEPE,2017
PEPEGOP,10000
PEPEXECUTIVE,200
TADPOLEPEPE,1000
THESKYPEPE,100
LUCHAPEPE,100
PEPEPLISSKEN,8888
KEROPEPE,333
BUBREAKUP,100
PEPEMAONE,500
PEPEFOBIA,100
PEPELARGE,101
KEKENESIS,111
SICKDEVPEPE,5000
MUNETOPEPE,1000
PEPEJIRO,200
FATPEPSLIM,198
NECROPEPE,120
PSYKEKDELIC,100
EAZYP,100
PBOCPEPE,8888
PEPEGIRL,300
PEPENCEPTION,100
PEPLACE,4000
PEPEMOTHRA,1961
PEPEPALACE,300
PEPEFALLOUT,100
SCHROEPEPE,1935
SQUATCHPEPE,1000
PEPEGIGGITY,169
CREWLOVEPEPE,200
PEPEREALM,1000
PEPETUUR,100
PEPOCKY,100
MEMEFIGHTERS,300
DOGSALL,200
PEPELUFFY,200
SEXYLADYPEPE,1000
CINEKEK,117
MYSPEPE,300
ENGELPEPE,300
GTPEPE,2001
MCGREGOR,100
MOBIUSPEPE,1999
PEPERRIDA,100
DONTBEMENACE,1111
PEPENAL,100
PEPMONDRIAN,278
DELOREANPEPE,2140
PEPEYOTES,111
PMOPEPE,555
PEPEVINNY,100
BAGHOLDRPEPE,100
PEPESAIYAN,2000
MAYWEATHPEPE,100
PEPEINTRO,132
PEPEROGAN,1967
PEPEHARING,250
PEPEPOET,154
MADARAPEPE,1000
PEPENARUTO,300
PEPELVSD,100
PEPENATTI,333
PEPESUMO,100
VINCEMCPEPE,1945
WALLPEPE,100
PEPESAILOR,300
PEPEKICKS,100
EXKEKUTIONER,124
FIGHTSYSTEM,555
PEPESOURCE,111
PEPEBOBBY,100
PEPESURRECT,200
PEPETREK,250
GUYBRUSH,100
RICKYPEPE,500
PEPETERSON,1962
BAYLOP,1968
RINGITPEPE,500
BARBARICPEPE,100
MODIPEPE,127
FEELSPEPE,120
HODLWOOD,100
ISOPEPE,300
LOWRIDERPEPE,100
PEPEAMANDA,100
PEPELAVEY,666
PEPESURF,777
PEPETARO,100
PEROCHI,100
SPEPECTRE,200
FLINTPEPE,391
GUARDSASKIAN,100
PEPESHADES,100
RABBIPEPE,100
PHNTOMOFPEPE,132
OPTIMUSPEPE,100
CINDERPEPE,500
PEPEGHIDORAH,1964
PEPELITTLE,149
PEPEWONKA,500
WILEPEPE,111
PEPEACIDTRIP,450
GETPEPEFREE,200
ISEEYOUPEPE,100
PEPEFAUCET,88888
PEPEWATCH,350
BUGSPEPE,384
GNITEPEPE,100
CYBERPEPE,100
LIZZFACEPEPE,100
PEPECARNIVAL,100
PEPEGOKU,300
TAKAKO,100
PEPEBRICCO,1000
PEPEDRAGO,100
PEPEHERO,150
PEPEDRACULA,300
SANPOPEPE,100
DIERCHANCHU,100
EPEPESODEONE,100
PEPEEVO,100
PEPEGROUNDS,500
PEPESCOOBY,347
PEPEKARMA,404
PEPELEVI,400
TUPACPEP,300
HLYPEPANCAKE,500
PEPENGAROO,100
HISTORICPEPE,100
PEPESWORD,100
UKIYOEPEPE,278
SZECHUANPEPE,1001
UZUMAKIPEPE,300
PEPESEARCH,200
PEPEHOPE,200
PEPEHARU,100
PEPECHARLES,3295
LILMERMAID,450
KANDINSKYPEP,150
HAIKUPEPE,181
FASTPEPE,1320
PEPEMEGAMAN,450
PEPEWAT,271
PEPEDETCTVE,300
KEKOFWAR,1000
QPEPE,5000
PEPEWHITE,375
PEPETHREESIX,316
PEPESAMSON,100
PEPEARTHUR,426
KIGURUMIPEPE,300
PEPESACE,111
DECENTRAPEPE,100
POKERPEPE,100
PEPECHAIRMAN,777
PEPESPINNER,100
PLAYBOYPEPE,153
PEPETHUR,120
PEPEAKI,100
PEPEICHIGO,400
WHOTHATPEPE,21996
PEPEKAPARKER,300
PEPEPHARAON,500
PEPEWYATT,100
DRAGONKEK,309
PEPECONTRACT,404
SOJOURNPEPE,200
PEPEHOMER,327
DOHCASH,100000
JOJOXPEPE,300
PEPEPOLLOCK,444
PEPERECALL,200
CLIFFORDPEPE,472
CEETHREEPEPE,1000
PEPEJEANS,500
SPEEDPEPE,100
BACKTOPEPE,2000
KPEPE,10000
PEPEDJ,100
PEPEDROID,150
MRPPBUTTHOLE,99999
TOBIASPEPE,300
RARECHERRY,180
PEPFICTION,100
PEPESAKURA,120
PEPEOLDTRADE,100
PEPEHUNTER,300
MATSURIPEPE,100
PEPEON,100
YAMAPEPE,100
EPEENPEPE,42220
JASMINEPEPE,425
PEAKYPEPE,1921
PEPEAIRLINES,500
XCHAINPEPE,1000
PEPEA,2222
PEPEDIRECTOR,100
PEPEFRACTAL,300
PEPEFUYU,100
PEPEHAND,100
PEPEPORTRAIT,132
PEPEZEUS,111
FAIRYODDPEPE,369
FINNPEPE,293
PEPEANDSON,132
BERLINPEPE,100
CUBISTPEPE,150
DARKSIDEPEPE,100
ENTERTHEPEPE,100
PEPEFMYLIFE,2000
CHAMPAGNETNT,100000
PEPEJOKER,1650
PEPEPENPEN,100
PEPESPLANET,100
PEPOLLO,100
RINGOFPEPE,100
RPBANHAMMER,177
RUBIXPEPE,1000
STANPEPEE,100
THEPEPENATOR,300
TOMATOPEPE,777
WHOAPEPE,100
MYFIRSTPEPE,141
PEPESHIELD,420
RAREPPODCAST,100000
PEPEMOM,100
PEPELOUX,1000
PEPEVANEYCK,234
FTERTHERAIN,333
FUJINPEPE,150
NURSEPEPE,1000
PEPEFONDLERS,19888
PEPESUMMER,200
PEPETONE,1000
PEPEVANHALEN,500
SCREAMPEPE,100
SLEEPINGPEPE,400
UNCLEPEPESAM,123
VAULTBOYPEPE,100
VEGANPEPE,342
VERYDOGEPEPE,10000
FEATHERSPEP,300
FULMETALPEPE,650
PEPEASTROBOY,300
PEPELETTERA,10000
PEPEOLDCASH,100
PEPERAILWAYS,500
TETSUWANPEPE,100
MELLPEPE,400
WWFPEPE,222
TITANICPEPE,278
CREMAPEPE,100
JPEPE,10000
PEPEHEMAN,100
PEPEHOLOGRAM,101
PLEGO,420
SENJUPEPE,150
SAILMOONPEPE,132
YANAGINIPEPE,100
BATTLEPEPE,500
GIPEPE,100
PEPEBOW,360
BEATLESPEPE,200
KITANO,100
SWAROPEPE,300
PEPEAMAZING,500
PEPELMINING,100
HAPPYRAINY,100
KUMADORIPEPE,222
PEPEJORN,120
PEPENSTEIN,623
RAIJINPEPE,150
PEPESINCITY,132
PEPESTAFF,340
WEEDTIME,420
THEKINGPEPE,200
PACPEP,333
HUMBLEPEPE,100
ROTATINGPEPE,300
CLAYPEPE,100
RAREAPPLE,100
SODAPEPENSKI,888
DEUSEXPEPE,111
PAWNTHELAMBO,100
ORTRAILPEPE,150
RONINKEK,310
PENPEN,100
PEPEBUSTER,1000
PEPEDOL,200
PEPEGRAM,234
QQPEPE,3000
NOHPEPE,181
ENDRACISMPE,100
PEPESIGNGUY,411
YUGUREPEPE,100
VIKINGSPEPE,100
PEPESAILORV,500
PEPEPEARL,100
PEPELCHTNSTN,275
PEPEINSIDE,100
PEPEAGYO,200
MYSTERYPEPE,1111
POSTMDRNPEPE,100
PEPEFAMOUS,100
NOBORDERPEPE,100
PEPEANDROID,100
PEPECOURAGE,100
KUNGFUPEPE,100
UMENIPEPE,100
PEPERONCINO,181
MINDPEPEHOFF,256
PEPEHITMAN,100
PEPEJUICE,1111
BLINGBLING,100
DAPHNIAPEPE,100
FILEONPEPE,111
FLATEARTH,103
FLOWERPEPE,200
FREETIBETPP,100
GAMESOFTRUMP,1717
GLUTTONYPEPE,120
JJPEPE,3000
KKPEPE,3000
JAPANESEPEPE,100
MRSTAYPEPT,100
MYLADYPEPE,100
PEPAPINUP,150
PEPEDDIT,100
PEPEDUCK,300
PEPEKIDROBOT,222
PEPELEGOMAN,420
PEPELIKE,1000
PEPEIMPOSER,100
PEPESAX,150
PEPEUNGYO,200
RAINYPEPE,200
RAMBOPEPE,200
PEPEMANTIS,100
PEPEYAKUZA,100
NAMIDAPEPE,100
PEPEZONCARD,200
PEPECINDERS,120
DRUNKENPEPE,100
YUMMYPEPE,500
DEGENERPEPE,100
CUPIDPEPE,100
FRESHPEPE,1994
PEPEKNIEVEL,1500
PEPEPET,150
PEPETIN,555
SAKURANIPEPE,100
PEPEFICRIM,100
PEKMAN,111
NATIVEPEPETH,100
TALESPEPE,100
THUNDERPEPES,100
FROGBUS,200
PEPEAFRIKA,100
PEPEAIR,100
VINTAGEPEP,101
PEPETIE,250
TAKOPEPE,100
BEATPEPE,299
MONEYPEPE,199
PEPEBOUNTY,111
PEPESTORM,100
SEASIDEPEPE,100
TEMPURAPEPE,100
VANILLAPEPE,200
KAWAPEPE,300
PENIC,500
KEKLORDGABEN,202
PEPEDRYAD,120
KINGYOPEPE,100
PEPEJERICHO,100
PEPEPUNKDOLL,128
PUNCHPEPE,249
SUSUKINIPEPE,100
PEPELINK,101
RARETEMPLATE,360
PEPEWORLDCUP,100
PEPESURFING,100
MASTERSPEPE,100
WORLDOFPEPE,100
FLYINGACEPEP,100
MANDARAPEPE,300
PAKALOLO,808
VRPEPE,99999
PSEUDOPEPE,100
KEKANC,300
PEPEAA,1000
PEPECGYVER,2000
WAMPUMPEPE,1683
PROPHECYPEPE,120
CHINAPEPE,150
CLOWNPEPE,100
PEPENIN,100
PEPERIKISHI,150
PEPEJPN,100
PEPESCREAM,198
BOBDOBBS,2323
COLORPEPE,100
PEPEXGALLERY,227
PEPEUN,300
LILUPEPE,100
PEPEGETABLE,100
BETTYPEPE,150
ENGLISHPEPE,100
GOLDGODPEPE,300
GTAPEP,199
JOKERPE,1111
KICKPEPE,199
MATSUNIPEPE,100
MAXPEPE,100
PEPEBANDICUT,100
PEPEBASS,150
PEPECIGARS,101
PEPEDARKSIDE,100
PEPEFOREVER,100
PEPEYIP,250
PEPTARO,100
PROCESSPEPE,100
SELFPORTRAIT,100
PEPEZAALBINO,100
TIKIPEPE,808
YELLPEPE,2600
PIRATESPEPES,250
PEPEBRAIN,250
PEPEAN,100
DOMPEPENON,100
DOTPEPE,300
PEPECLOKWORK,100
PEPESHIRT,100
REAPERPEPE,120
PEPETTER,195
EMBRYOPEPE,999
HYPNOTIST,123
JONSNOWPEPE,100
BACKPAGEPEPE,169
PEPEPEACE,100
PEPERAKUL,100
MRHANSEL,100
PEPEHEFNER,100
LONELYPEPE,100
MIKOPEPE,100
MIYAKO,1000
NINJAPEPE,100
PEPEIRI,100
PEPEWOMAN,100
PEPMANIA,149
TRANSPOSE,444
VIRUSPEPE,321
PEPENOMIST,175
GOODBYEPEPE,100
MONSTERPEPE,100
NAHUAL,500
PEPEBRIEFS,195
PEPETSAMURAI,100
SATOSHIRARE,214
KEKRESURRECT,600
PEPEIRON,100
KEKALITY,111
PEPEBANG,100
SANDORPEPE,100
GANGPEPE,100
UNGAISOUTEN,100
CARTOONPEPE,100
PEPEFORM,300
PEPETE,100
PEPEARROW,100
SHADILOUNGE,808
PEPLACERESLT,4100
INVISIBLPEPE,1500
RAREGROYPER,103
OUIJAPEPE,132
LITTLEGREEN,1000
PEPECAFFE,100
SPACEMOUTH,100
PEPEKK,499
WEREWOLFKEK,105
PEPEAKIBA,100
LIGHTITON,100
GROYPAUCTION,350
CRYPTOPEPES,100
THEPEPEHOFF,100
PEPELOCATION,100
SPADESPEPE,100
PEPETAXMAN,111
PEPEKITTIES,700
UGANDANPEPE,100
GROYPMAN,100
COINEATER,1000
PEPEWISHPERS,111
PEPEHAWKING,100
HODLERPEPE,100
PEPEDAUGHTER,1000
MAJESTYPEPE,1000
RAREPEGO,300
JURASSICKEK,350
PEPENNATOR,100
BULLSEYEPEPE,100
PEPEDARWIN,333
PEPEROCKWELL,1960
JANDPEPE,100
MMXVIII,100
PEPEWAY,111
SHININGXPEPE,151
KEKOGGS,100
MRTALPHA,1952
GROYLEX,100
INDIANAPEPE,150
PEPESTRY,1066
CALMHODLPEPE,1000
MEGAPEPEMAN,1000
NIGHTKINGPEP,200
HEARTSPEPE,100
GROYPERMONKY,500
PEPECLOCK,100
KEKEVOLUTION,310
PEDURO,1000
PEPEJ,499
CONSPIRATARD,420
PEPEPEACOCK,100
PEPEPARIETAL,150
EGGPLANTMKNY,500
GROYPERTL,5426
KFPEPE,100
PEPECAKEK,100
PSYCHICPEPE,111
PEPENOK,1000
PEPESINLOVE,100
PEPEXMAS,100
RARELEAGUE,111
SUCKMYPEPE,10000
WITCHPEPE,100
CACTUSPEPE,1000
SPACECOOKIE,420
PEPEQQ,499
REALPEPEOFBH,10000
POWH,250
DIAMONDSPEPE,100
LAUGHINGMAN,31949
LEIAORGAPEPE,100
PAXOLOTL,100
PEPEAMANIA,100
PEPEANGEL,100
PEPEFLIES,100
PEPEMOJI,133
PEPEOPOLIS,150
PEPEPOST,100
PEPEPRAKEK,300
PIRATPEPE,100
PEPEMICO,100
BCCPEPE,100
SISTNCHAPEPE,666
ONEEYEMONKEY,500
THENEWYORKEK,100
YUNOPEPE,100000
BARBARIANPEP,100
CLUBSPEPE,100
HORRORCOIN,100
ECLIPTICPEPE,100
FLAMINPEPE,300
MERMAIDPEPE,114
PEPEBOSCH,100
PEPEKFC,100
PEPEMNEMONIC,111
ROCKETPEPE,200
SKULLPEPE,113
TSUNADE,8085
CERSEIPEPE,100
FAIRYCASH,777
HOODEDPEPE,100
GROYONOMICON,100
BADWISHES,100
KEKFURY,250
PEPEDICK,1000
PEPEGRAFFITI,150
RAREQUEEM,100
SICKPEPE,10000
GERPER,10000
MURASAKIPEPE,114
FFFFFFFFFFFF,250
PEPETOULLE,1000
NATTYALPHA,300
PEPETRO,500
BEAUTYPEPE,500
BOOGERPEPE,10000
JUDYPEPE,100
HODLPEPECASH,100
FORKPEPE,150
BABERUTHPEPE,150
CARLOSPEPE,333
PAJAMASPEPE,500
OROCHIPEPE,200
PEPEAFRIKEK,250
PUFFPEPE,125
PEPECAGE,100
BODYBACKPEPE,111
COBAINPEPE,100
PEPEMIND,100
PEPECART,100
MARGINED,144
PEPETHOR,1000
RAOULDUKEPEP,100
ROADMAPEPE,200
SALVATORPEPE,100
TRAININGT,100
WAYPEPE,100
PEPEPRINT,100
PEPEHONGKONG,101
PEPEKUN,300
PEPERCULESS,1000
PECTERIA,777
PEPEMUACK,200
PEPETOBI,100
KEKMONTECRLO,240
STORMYTRUMP,222
CHUWAPEPE,100
PEPEROOTS,200
PEPEVYPER,101
GROYPERDB,451
RAREINKONE,100
CHECKPEPE,200
PEPERAREPEPE,111
ITPEPE,150
CYBERPEP,100
CAPEPELE,100
YODAPEPE,101
PEPEDESIGN,600
PEPEJACKSON,120
SMALLRATPEPE,100
XENOPEPE,123
PEPEUBU,100
RARELEE,100
PEPEOLDONE,100
BATMANNPEPE,133
CRIMINALPEPE,111
EATEPEPE,200
ILUMINATRARE,100
PEPEMASK,200
RARECARDDECK,111
SAKURAPENPEN,100
GAMABUNTA,100
PEPEBUZZ,300
RAREPEPENOTE,123
PEPESKEK,210
PEPENEON,1000
NBAPEPE,100
PEPECEZANNE,255
PEPEMERMAN,100
PEPEDRINO,100
PEPESGYM,300
MILLIONAIRPP,500
PEPETAR,100
PEPEIT,1000
PEPEJOCKER,500
STONEPEPE,100
THEKING,1000
RPEPE,2000
PINCHAN,230
PEPEHUNDRED,1000
BREITBARTPEP,777
CHERRYONTOP,100
GAMBITPEPE,100
GIANCARLO,100
GROYAPEPE,100
GUNSNPEPES,100
HARAKIRIPEPE,100
HUCKAPEPE,100
JORDANPEPE,300
KEKKETY,444
PEPEDINHO,100
UNDEADPEPE,300
RAREZOMBIE,100
LTCPEPE,11111
RAREPOTTER,100
LILROCKETMAN,200
JOLIELEGPEPE,111
KUNAIKEK,300
KYUDOPEPE,100
MATRYOSHKAPP,222
PEBBLEE,100
NOBUSHIPEPE,100
PEPEADDICTS,300
PEPEDPOOL,100
THEMASKRARE,100
PEPELIBRIUM,111
PEPENICTESLA,100
PEPEFURIOUS,100
SHAKAPEPE,1000
WORLDPEPEHD,111
PEPEGROYA,100
PEPERELOADED,100
RAREPITUFINA,100
PRISONERPEPE,150
PEPEAVENGER,100
PEPEACTION,100
TWOWEEKSPEPE,140
UBUNTUPEPE,200
PEPENAUT,100
BULBEGAR,1000
KRUEGERPEPE,120
PEPALISA,230
PEPCASSO,100
PEPEFARMER,100
PEPEMIRO,250
PEPENDRIX,100
RANGOPEPE,100
THELAWNMOWER,1000
ZAZENPEPE,100
PEPEPEEPS,666
PYJAMASPEPE,170
PEPEELITE,100
PENNYPEPE,100
PEBAY,366
YODAPEP,100
XIPEPE,666
SPOCKPEPE,100
SNOWMANPEPE,100
SEDUSAPEP,100
PICKLEPEPE,4200
PEPEREME,100
PEPAGEISHA,120
MUPEPETS,117
PEPEPAIDCARD,2018
CAMPINGPEPE,120
WITCHRARE,299
GENPEPE,100
MOONPEPESUN,100
PEPBOT,100
PECATRINA,222
FASHIONPEP,100
PEFUNGUS,333
PEPEGIANT,100
PEPEFANTASY,500
DELUXEPEPEHD,420
OMEGAPEPE,100
PEPEBALLOON,300
KATPEPA,100
ONSENPEPE,100
DAWNOTHEPEPE,111
MCGROYPER,222
KINGRINGPEPE,100
HINAMATSURI,100
SPACEXPEPE,200
PEPEBUSHIDO,100